iStoreid,iSKUid,vouchdate,province,city,oProductClass_id,fQuantity
1235567853605120,1236536455532800,2019-07-20,5,7,1226757701341440,1.16
1235567853605120,1236536455532800,2019-08-03,5,7,1226757701341440,1.244
1235567853605120,1236536455532800,2019-07-26,5,7,1226757701341440,1.1840000000000002
1235567853605120,1236536455532800,2019-08-03,5,7,1226757701341440,1.212
1235567853605120,1236536455532800,2019-07-27,5,7,1226757701341440,1.4280000000000002
1235567853605120,1236536455532800,2019-08-03,5,7,1226757701341440,1.368
1235567853605120,1236536455532800,2019-07-25,5,7,1226757701341440,1.368
1235567853605120,1236536455532800,2019-07-28,5,7,1226757701341440,1.236
1235567853605120,1236536455532800,2019-07-27,5,7,1226757701341440,1.3519999999999999
1235567853605120,1236536455532800,2019-07-28,5,7,1226757701341440,2.608
1235567853605120,1236536455532800,2019-07-26,5,7,1226757701341440,1.348
1235567853605120,1236536455532800,2019-08-01,5,7,1226757701341440,1.26
1235567853605120,1236536455532800,2019-07-21,5,7,1226757701341440,1.244
1235567853605120,1236536455532800,2019-08-07,5,7,1226757701341440,1.3319999999999999
1235567853605120,1236536455532800,2019-07-27,5,7,1226757701341440,1.348
1235567853605120,1236536455532800,2019-07-20,5,7,1226757701341440,1.264
1235567853605120,1236536455532800,2019-07-20,5,7,1226757701341440,1.392
1235567853605120,1236536455532800,2019-07-27,5,7,1226757701341440,1.264
1235567853605120,1236536455532800,2019-07-25,5,7,1226757701341440,1.088
1235567853605120,1236536455532800,2019-07-25,5,7,1226757701341440,1.376
1235567853605120,1236536455532800,2019-08-10,5,7,1226757701341440,1.3319999999999999
1235567853605120,1236536455532800,2019-08-13,5,7,1226757701341440,1.172
1235567853605120,1236536455532800,2019-07-22,5,7,1226757701341440,0.6679999999999999
1235567853605120,1236536455532800,2019-08-18,5,7,1226757701341440,0.8420000000000001
1235567853605120,1236536455532800,2019-08-20,5,7,1226757701341440,1.196
1235567853605120,1236536455532800,2019-08-19,5,7,1226757701341440,1.276
1235567853605120,1236536455532800,2019-08-21,5,7,1226757701341440,1.092
1235567853605120,1236536455532800,2019-09-11,5,7,1226757701341440,1.284
1235567853605120,1236536455532800,2019-09-13,5,7,1226757701341440,1.3
1235567853605120,1236536455532800,2019-07-29,5,7,1226757701341440,1.212
1235567853605120,1236536455532800,2019-07-29,5,7,1226757701341440,0.2
1235567853605120,1236536455532800,2019-07-30,5,7,1226757701341440,0.968
1235567853605120,1236536455532800,2019-09-14,5,7,1226757701341440,1.3519999999999999
1235567853605120,1236536455532800,2019-09-14,5,7,1226757701341440,1.3559999999999999
1235567853605120,1236536455532800,2019-09-04,5,7,1226757701341440,1.104
1235567853605120,1236536455532800,2019-09-11,5,7,1226757701341440,1.4
1235567853605120,1236536455532800,2019-09-18,5,7,1226757701341440,1.272
1235567853605120,1236536455532800,2019-09-18,5,7,1226757701341440,1.3880000000000001
1235567853605120,1236536455532800,2019-09-21,5,7,1226757701341440,1.3319999999999999
1235567853605120,1236536455532800,2019-09-22,5,7,1226757701341440,1.188
1235567853605120,1236536455532800,2019-09-21,5,7,1226757701341440,1.296
1235567853605120,1236536455532800,2019-09-22,5,7,1226757701341440,0.9359999999999999
1235567853605120,1236536455532800,2019-09-24,5,7,1226757701341440,1.128
1235567853605120,1236536455532800,2019-09-26,5,7,1226757701341440,1.032
1235567853605120,1236536455532800,2020-07-01,5,7,1226757701341440,0.968
1235567853605120,1236536455532800,2019-10-02,5,7,1226757701341440,2.012
1235567853605120,1236536455532800,2020-07-13,5,7,1226757701341440,0.7959999999999999
1235567853605120,1236536455532800,2019-10-07,5,7,1226757701341440,1.188
1235567853605120,1236536455532800,2019-10-02,5,7,1226757701341440,1.112
1235567853605120,1236536455532800,2019-10-02,5,7,1226757701341440,1.084
1235567853605120,1236536455532800,2019-10-03,5,7,1226757701341440,2.016
1235567853605120,1236536455532800,2019-10-03,5,7,1226757701341440,2.048
1235567853605120,1236536455532800,2019-10-03,5,7,1226757701341440,2.588
1235567853605120,1236536455532800,2019-10-07,5,7,1226757701341440,1.34
1235567853605120,1236536455532800,2019-10-09,5,7,1226757701341440,1.348
1235567853605120,1236536455532800,2019-10-10,5,7,1226757701341440,2.6639999999999997
1235567853605120,1236536455532800,2019-10-10,5,7,1226757701341440,1.38
1235567853605120,1236536455532800,2019-10-05,5,7,1226757701341440,0.8
1235567853605120,1236536455532800,2019-07-24,5,7,1226757701341440,2.8160000000000003
1235567853605120,1236536455532800,2019-07-25,5,7,1226757701341440,1.508
1235567853605120,1236536455532800,2019-10-19,5,7,1226757701341440,1.1159999999999999
1235567853605120,1236536455532800,2019-10-21,5,7,1226757701341440,1.24
1235567853605120,1236536455532800,2019-10-19,5,7,1226757701341440,1.4
1235567853605120,1236536455532800,2020-07-06,5,7,1226757701341440,0.88
1235567853605120,1236536455532800,2019-07-22,5,7,1226757701341440,1.3559999999999999
1235567853605120,1236536455532800,2019-07-22,5,7,1226757701341440,1.38
1235567853605120,1236536455532800,2019-07-24,5,7,1226757701341440,1.268
1235567853605120,1236536455532800,2019-11-07,5,7,1226757701341440,1.268
1235567853605120,1236536455532800,2019-11-08,5,7,1226757701341440,2.552
1235567853605120,1236536455532800,2020-07-18,5,7,1226757701341440,1.6640000000000001
1235567853605120,1236536455532800,2020-07-18,5,7,1226757701341440,3.94
1235567853605120,1236536455532800,2020-07-20,5,7,1226757701341440,0.452
1235567853605120,1236536455532800,2020-07-11,5,7,1226757701341440,0.828
1235567853605120,1236536455532800,2020-07-17,5,7,1226757701341440,0.848
1235567853605120,1236536455532800,2019-08-11,5,7,1226757701341440,1.244
1235567853605120,1236536455532800,2020-07-18,5,7,1226757701341440,1.528
1235567853605120,1236536455532800,2019-11-07,5,7,1226757701341440,1.188
1235567853605120,1236536455532800,2019-08-13,5,7,1226757701341440,1.288
1235567853605120,1236536455532800,2019-11-10,5,7,1226757701341440,1.12
1235567853605120,1236536455532800,2020-07-18,5,7,1226757701341440,1.308
1235567853605120,1236536455532800,2019-10-08,5,7,1226757701341440,2.32
1235567853605120,1236536455532800,2019-10-08,5,7,1226757701341440,1.308
1235567853605120,1236536455532800,2019-10-08,5,7,1226757701341440,1.16
1235567853605120,1236536455532800,2020-07-17,5,7,1226757701341440,0.852
1235567853605120,1236536455532800,2019-10-23,5,7,1226757701341440,1.1079999999999999
1235567853605120,1236536455532800,2019-08-24,5,7,1226757701341440,1.432
1235567853605120,1236536455532800,2019-08-03,5,7,1226757701341440,1.204
1235567853605120,1236536455532800,2019-07-27,5,7,1226757701341440,1.296
1235567853605120,1236536455532800,2019-08-06,5,7,1226757701341440,1.18
1235567853605120,1236536455532800,2019-08-11,5,7,1226757701341440,1.232
1235567853605120,1236536455532800,2019-08-14,5,7,1226757701341440,0.516
1235567853605120,1236536455532800,2020-07-17,5,7,1226757701341440,0.888
1235567853605120,1236536455532800,2020-07-20,5,7,1226757701341440,1.128
1235567853605120,1236536455532800,2019-08-30,5,7,1226757701341440,0.36
1235567853605120,1236536455532800,2020-07-12,5,7,1226757701341440,1.3880000000000001
1235567853605120,1236536455532800,2020-07-12,5,7,1226757701341440,0.856
1235567853605120,1236536455532800,2019-07-20,5,7,1226757701341440,1.288
1235567853605120,1236536455532800,2020-07-13,5,7,1226757701341440,1.1840000000000002
1235567853605120,1236536455532800,2019-09-07,5,7,1226757701341440,1.6680000000000001
1235567853605120,1236536455532800,2019-09-12,5,7,1226757701341440,1.328
1235567853605120,1236536455532800,2019-09-13,5,7,1226757701341440,6.848
1235567853605120,1236536455532800,2019-09-13,5,7,1226757701341440,7.292000000000001
1235567853605120,1236536455532800,2019-09-13,5,7,1226757701341440,1.1520000000000001
1235567853605120,1236536455532800,2019-08-07,5,7,1226757701341440,0.708
1235567853605120,1236536455532800,2020-07-15,5,7,1226757701341440,1.38
1235567853605120,1236536455532800,2020-07-17,5,7,1226757701341440,0.912
1235567853605120,1236536455532800,2020-07-17,5,7,1226757701341440,1.28
1235567853605120,1236536455532800,2020-07-18,5,7,1226757701341440,1.5759999999999998
1235567853605120,1236536455532800,2020-07-19,5,7,1226757701341440,1.476
1235567853605120,1236536455532800,2019-07-27,5,7,1226757701341440,1.36
1235567853605120,1236536455532800,2019-10-17,5,7,1226757701341440,1.3519999999999999
1235567853605120,1236536455532800,2019-10-21,5,7,1226757701341440,1.456
1235567853605120,1236536455532800,2019-07-26,5,7,1226757701341440,1.364
1235567853605120,1236536455532800,2019-07-27,5,7,1226757701341440,2.352
1235567853605120,1236536455532800,2019-07-20,5,7,1226757701341440,1.1640000000000001
1235567853605120,1236536455532800,2019-08-01,5,7,1226757701341440,1.3159999999999998
1235567853605120,1236536455532800,2019-07-25,5,7,1226757701341440,1.484
1235567853605120,1236536455532800,2019-09-18,5,7,1226757701341440,1.2919999999999998
1235567853605120,1236536455532800,2019-09-17,5,7,1226757701341440,1.156
1235567853605120,1236536455532800,2019-09-19,5,7,1226757701341440,1.4
1235567853605120,1236536455532800,2019-08-01,5,7,1226757701341440,1.188
1235567853605120,1236536455532800,2019-08-03,5,7,1226757701341440,1.172
1235567853605120,1236536455532800,2019-08-01,5,7,1226757701341440,1.304
1235567853605120,1236536455532800,2019-07-31,5,7,1226757701341440,1.216
1235567853605120,1236536455532800,2019-07-25,5,7,1226757701341440,1.348
1235567853605120,1236536455532800,2019-07-26,5,7,1226757701341440,1.248
1235567853605120,1236536455532800,2019-07-20,5,7,1226757701341440,1.1
1235567853605120,1236536455532800,2019-07-23,5,7,1226757701341440,1.3359999999999999
1235567853605120,1236536455532800,2019-07-20,5,7,1226757701341440,1.28
1235567853605120,1236536455532800,2019-07-24,5,7,1226757701341440,1.16
1235567853605120,1236536455532800,2019-07-30,5,7,1226757701341440,1.256
1235567853605120,1236536455532800,2019-07-20,5,7,1226757701341440,1.1159999999999999
1235567853605120,1236536455532800,2019-07-28,5,7,1226757701341440,1.084
1235567853605120,1236536455532800,2019-09-23,5,7,1226757701341440,1.2
1235567853605120,1236536455532800,2019-08-19,5,7,1226757701341440,2.34
1235567853605120,1236536455532800,2019-09-10,5,7,1226757701341440,1.344
1235567853605120,1236536455532800,2019-09-10,5,7,1226757701341440,1.3880000000000001
1235567853605120,1236536455532800,2019-09-12,5,7,1226757701341440,7.66
1235567853605120,1236536455532800,2019-09-13,5,7,1226757701341440,1.204
1235567853605120,1236536455532800,2019-09-19,5,7,1226757701341440,1.4080000000000001
1235567853605120,1236536455532800,2019-09-21,5,7,1226757701341440,1.44
1235567853605120,1236536455532800,2019-09-23,5,7,1226757701341440,1.24
1235567853605120,1236536455532800,2019-09-12,5,7,1226757701341440,1.348
1235567853605120,1236536455532800,2019-09-16,5,7,1226757701341440,0.6
1235567853605120,1236536455532800,2019-09-16,5,7,1226757701341440,1.18
1235567853605120,1236536455532800,2019-09-17,5,7,1226757701341440,1.228
1235567853605120,1236536455532800,2019-10-05,5,7,1226757701341440,1.36
1235567853605120,1236536455532800,2019-08-14,5,7,1226757701341440,1.204
1235567853605120,1236536455532800,2019-07-29,5,7,1226757701341440,1.212
1235567853605120,1236536455532800,2019-09-28,5,7,1226757701341440,3.968
1235567853605120,1236536455532800,2019-09-30,5,7,1226757701341440,1.88
1235567853605120,1236536455532800,2019-07-20,5,7,1226757701341440,1.368
1235567853605120,1236536455532800,2019-07-24,5,7,1226757701341440,1.436
1235567853605120,1236536455532800,2019-08-22,5,7,1226757701341440,0.604
1235567853605120,1236536455532800,2019-08-25,5,7,1226757701341440,1.18
1235567853605120,1236536455532800,2019-08-28,5,7,1226757701341440,1.456
1235567853605120,1236536455532800,2019-08-30,5,7,1226757701341440,1.268
1235567853605120,1236536455532800,2019-07-23,5,7,1226757701341440,1.1159999999999999
1235567853605120,1236536455532800,2019-07-23,5,7,1226757701341440,1.244
1235567853605120,1236536455532800,2019-07-20,5,7,1226757701341440,1.128
1235567853605120,1236536455532800,2019-07-22,5,7,1226757701341440,1.288
1235567853605120,1236536455532800,2019-07-21,5,7,1226757701341440,1.3880000000000001
1235567853605120,1236536455532800,2019-09-06,5,7,1226757701341440,1.496
1235567853605120,1236536455532800,2019-08-02,5,7,1226757701341440,1.0759999999999998
1235567853605120,1236536455532800,2019-08-03,5,7,1226757701341440,1.396
1235567853605120,1236536455532800,2019-09-07,5,7,1226757701341440,4.144
1235567853605120,1236536455532800,2019-10-07,5,7,1226757701341440,1.3719999999999999
1235567853605120,1236536455532800,2019-09-08,5,7,1226757701341440,1.584
1235567853605120,1236536455532800,2019-10-12,5,7,1226757701341440,1.268
1235567853605120,1236536455532800,2019-08-06,5,7,1226757701341440,1.368
1235567853605120,1236536455532800,2019-07-24,5,7,1226757701341440,1.32
1235567853605120,1236536455532800,2019-10-21,5,7,1226757701341440,1.36
1235567853605120,1236536455532800,2019-09-13,5,7,1226757701341440,1.14
1235567853605120,1236536455532800,2019-07-27,5,7,1226757701341440,2.6519999999999997
1235567853605120,1236536455532800,2019-08-12,5,7,1226757701341440,1.104
1235567853605120,1236536455532800,2019-11-04,5,7,1226757701341440,1.3559999999999999
1235567853605120,1236536455532800,2019-08-11,5,7,1226757701341440,2.424
1235567853605120,1236536455532800,2019-08-13,5,7,1226757701341440,1.3559999999999999
1235567853605120,1236536455532800,2019-09-18,5,7,1226757701341440,1.22
1235567853605120,1236536455532800,2019-09-19,5,7,1226757701341440,2.476
1235567853605120,1236536455532800,2019-07-20,5,7,1226757701341440,1.06
1235567853605120,1236536455532800,2019-07-25,5,7,1226757701341440,1.1520000000000001
1235567853605120,1236536455532800,2019-07-27,5,7,1226757701341440,1.32
1235567853605120,1236536455532800,2019-07-29,5,7,1226757701341440,1.32
1235567853605120,1236536455532800,2019-08-20,5,7,1226757701341440,1.272
1235567853605120,1236536455532800,2019-08-14,5,7,1226757701341440,0.956
1235567853605120,1236536455532800,2019-10-06,5,7,1226757701341440,1.296
1235567853605120,1236536455532800,2019-10-08,5,7,1226757701341440,1.2
1235567853605120,1236536455532800,2019-11-10,5,7,1226757701341440,1.216
1235567853605120,1236536455532800,2019-11-13,5,7,1226757701341440,1.244
1235567853605120,1236536455532800,2019-07-20,5,7,1226757701341440,1.236
1235567853605120,1236536455532800,2019-08-06,5,7,1226757701341440,1.228
1235567853605120,1236536455532800,2019-07-26,5,7,1226757701341440,1.244
1235567853605120,1236536455532800,2019-11-14,5,7,1226757701341440,1.024
1235567853605120,1236536455532800,2019-08-29,5,7,1226757701341440,1.3880000000000001
1235567853605120,1236536455532800,2019-10-02,5,7,1226757701341440,2.012
1235567853605120,1236536455532800,2019-10-02,5,7,1226757701341440,2.008
1235567853605120,1236536455532800,2019-10-03,5,7,1226757701341440,1.3719999999999999
1235567853605120,1236536455532800,2019-10-04,5,7,1226757701341440,1.3319999999999999
1235567853605120,1236536455532800,2019-09-06,5,7,1226757701341440,1.232
1235567853605120,1236536455532800,2019-09-28,5,7,1226757701341440,1.98
1235567853605120,1236536455532800,2019-09-29,5,7,1226757701341440,2.024
1235567853605120,1236536455532800,2019-10-06,5,7,1226757701341440,1.136
1235567853605120,1236536455532800,2019-09-29,5,7,1226757701341440,2.0
1235567853605120,1236536455532800,2019-10-08,5,7,1226757701341440,1.244
1235567853605120,1236536455532800,2019-09-12,5,7,1226757701341440,1.432
1235567853605120,1236536455532800,2019-09-13,5,7,1226757701341440,1.228
1235567853605120,1236536455532800,2019-10-03,5,7,1226757701341440,1.432
1235567853605120,1236536455532800,2019-10-03,5,7,1226757701341440,1.3319999999999999
1235567853605120,1236536455532800,2019-10-04,5,7,1226757701341440,1.064
1235567853605120,1236536455532800,2019-09-15,5,7,1226757701341440,1.288
1235567853605120,1236536455532800,2019-09-15,5,7,1226757701341440,1.0
1235567853605120,1236536455532800,2019-09-20,5,7,1226757701341440,1.264
1235567853605120,1236536455532800,2019-09-07,5,7,1226757701341440,1.528
1235567853605120,1236536455532800,2019-09-08,5,7,1226757701341440,1.3559999999999999
1235567853605120,1236536455532800,2019-08-20,5,7,1226757701341440,1.288
1235567853605120,1236536455532800,2019-09-18,5,7,1226757701341440,1.2
1235567853605120,1236536455532800,2019-09-19,5,7,1226757701341440,1.248
1235567853605120,1236536455532800,2019-09-19,5,7,1226757701341440,1.4
1235567853605120,1236536455532800,2019-09-21,5,7,1226757701341440,1.212
1235567853605120,1236536455532800,2019-09-22,5,7,1226757701341440,1.088
1235567853605120,1236536455532800,2019-09-22,5,7,1226757701341440,0.7440000000000001
1235567853605120,1236536455532800,2019-09-22,5,7,1226757701341440,1.1640000000000001
1235567853605120,1236536455532800,2019-09-22,5,7,1226757701341440,1.284
1235567853605120,1236536455532800,2019-10-19,5,7,1226757701341440,1.4040000000000001
1235567853605120,1236536455532800,2019-09-12,5,7,1226757701341440,1.272
1235567853605120,1236536455532800,2019-09-22,5,7,1226757701341440,1.176
1235567853605120,1236536455532800,2019-10-17,5,7,1226757701341440,1.62
1235567853605120,1236536455532800,2019-09-17,5,7,1226757701341440,1.14
1235567853605120,1236536455532800,2019-09-20,5,7,1226757701341440,2.592
1235567853605120,1236536455532800,2019-10-08,5,7,1226757701341440,1.12
1235567853605120,1236536455532800,2019-11-06,5,7,1226757701341440,2.452
1235567853605120,1236536455532800,2019-11-10,5,7,1226757701341440,2.7560000000000002
1235567853605120,1236536455532800,2019-10-20,5,7,1226757701341440,1.256
1235567853605120,1236536455532800,2019-11-15,5,7,1226757701341440,1.236
1235567853605120,1236536455532800,2019-10-08,5,7,1226757701341440,1.156
1235567853605120,1236536455532800,2019-10-05,5,7,1226757701341440,2.72
1235567853605120,1236536455532800,2019-10-06,5,7,1226757701341440,1.252
1235567853605120,1236536455532800,2019-10-07,5,7,1226757701341440,3.736
1235567853605120,1236536455532800,2019-09-22,5,7,1226757701341440,1.5759999999999998
1235567853605120,1236536455532800,2019-10-11,5,7,1226757701341440,1.328
1235567853605120,1236536455532800,2019-10-24,5,7,1226757701341440,2.272
1235567853605120,1236536455532800,2019-10-11,5,7,1226757701341440,1.296
1235567853605120,1236536455532800,2019-10-17,5,7,1226757701341440,1.472
1235567853605120,1236536455532800,2019-10-22,5,7,1226757701341440,1.3559999999999999
1235567853605120,1236536455532800,2019-11-05,5,7,1226757701341440,1.308
1235567853605120,1236536455532800,2019-09-30,5,7,1226757701341440,2.208
1235567853605120,1236536455532800,2019-10-04,5,7,1226757701341440,2.2
1235567853605120,1236536455532800,2019-10-07,5,7,1226757701341440,1.28
1235567853605120,1236536455532800,2019-10-21,5,7,1226757701341440,2.528
1235567853605120,1236536455532800,2019-10-06,5,7,1226757701341440,-1.252
1235567853605120,1236536455532800,2020-07-11,5,7,1226757701341440,0.852
1235567853605120,1236536455532800,2020-07-16,5,7,1226757701341440,0.82
1235567853605120,1236536455532800,2020-07-19,5,7,1226757701341440,1.264
1235567853605120,1236536455532800,2020-07-02,5,7,1226757701341440,1.08
1235567853605120,1236536455532800,2020-07-18,5,7,1226757701341440,1.368
1235567853605120,1236536455532800,2020-07-19,5,7,1226757701341440,1.392
1235567853605120,1236536455532800,2020-07-09,5,7,1226757701341440,1.212
1235567853605120,1236536455532800,2020-07-12,5,7,1226757701341440,9.0
1235567853605120,1236536455532800,2020-07-15,5,7,1226757701341440,1.432
1235567853605120,1236536455532800,2020-07-18,5,7,1226757701341440,1.7719999999999998
1235567853605120,1236536455532800,2020-07-20,5,7,1226757701341440,1.308
1235567853605120,1236536455532800,2019-07-24,5,7,1226757701341440,1.28
1235567853605120,1236536455532800,2019-07-22,5,7,1226757701341440,1.288
1235567853605120,1236536455532800,2019-07-22,5,7,1226757701341440,1.4240000000000002
1235567853605120,1236536455532800,2019-07-20,5,7,1226757701341440,1.288
1235567853605120,1236536455532800,2019-07-25,5,7,1226757701341440,1.272
1235567853605120,1236536455532800,2019-07-26,5,7,1226757701341440,1.28
1235567853605120,1236536455532800,2019-07-30,5,7,1226757701341440,1.268
1235567853605120,1236536455532800,2019-08-07,5,7,1226757701341440,1.168
1235567853605120,1236536455532800,2019-07-20,5,7,1226757701341440,1.052
1235567853605120,1236536455532800,2019-07-25,5,7,1226757701341440,1.464
1235567853605120,1236536455532800,2019-07-30,5,7,1226757701341440,1.32
1235567853605120,1236536455532800,2019-07-27,5,7,1226757701341440,1.54
1235567853605120,1236536455532800,2019-08-01,5,7,1226757701341440,1.38
1235567853605120,1236536455532800,2019-07-20,5,7,1226757701341440,1.248
1235567853605120,1236536455532800,2019-08-04,5,7,1226757701341440,1.272
1235567853605120,1236536455532800,2019-07-26,5,7,1226757701341440,1.368
1235567853605120,1236536455532800,2019-08-14,5,7,1226757701341440,1.208
1235567853605120,1236536455532800,2019-08-02,5,7,1226757701341440,1.248
1235567853605120,1236536455532800,2019-08-11,5,7,1226757701341440,2.36
1235567853605120,1236536455532800,2019-07-29,5,7,1226757701341440,1.296
1235567853605120,1236536455532800,2019-07-22,5,7,1226757701341440,1.3719999999999999
1235567853605120,1236536455532800,2019-08-13,5,7,1226757701341440,1.34
1235567853605120,1236536455532800,2019-07-20,5,7,1226757701341440,1.3
1235567853605120,1236536455532800,2019-08-12,5,7,1226757701341440,1.22
1235567853605120,1236536455532800,2019-08-07,5,7,1226757701341440,1.136
1235567853605120,1236536455532800,2019-09-04,5,7,1226757701341440,1.044
1235567853605120,1236536455532800,2019-07-29,5,7,1226757701341440,1.192
1235567853605120,1236536455532800,2019-09-03,5,7,1226757701341440,1.392
1235567853605120,1236536455532800,2019-09-15,5,7,1226757701341440,2.784
1235567853605120,1236536455532800,2019-08-30,5,7,1226757701341440,1.3719999999999999
1235567853605120,1236536455532800,2019-09-10,5,7,1226757701341440,1.368
1235567853605120,1236536455532800,2019-09-17,5,7,1226757701341440,1.172
1235567853605120,1236536455532800,2019-09-17,5,7,1226757701341440,1.1320000000000001
1235567853605120,1236536455532800,2019-09-13,5,7,1226757701341440,1.228
1235567853605120,1236536455532800,2019-09-13,5,7,1226757701341440,1.232
1235567853605120,1236536455532800,2019-09-21,5,7,1226757701341440,1.34
1235567853605120,1236536455532800,2020-07-13,5,7,1226757701341440,0.816
1235567853605120,1236536455532800,2019-09-22,5,7,1226757701341440,1.296
1235567853605120,1236536455532800,2020-07-12,5,7,1226757701341440,2.536
1235567853605120,1236536455532800,2019-09-28,5,7,1226757701341440,1.96
1235567853605120,1236536455532800,2020-07-12,5,7,1226757701341440,0.836
1235567853605120,1236536455532800,2020-07-12,5,7,1226757701341440,1.44
1235567853605120,1236536455532800,2019-09-28,5,7,1226757701341440,1.952
1235567853605120,1236536455532800,2019-09-28,5,7,1226757701341440,2.024
1235567853605120,1236536455532800,2019-10-07,5,7,1226757701341440,2.042
1235567853605120,1236536455532800,2019-10-19,5,7,1226757701341440,1.268
1235567853605120,1236536455532800,2019-10-04,5,7,1226757701341440,1.104
1235567853605120,1236536455532800,2019-10-06,5,7,1226757701341440,0.872
1235567853605120,1236536455532800,2019-08-04,5,7,1226757701341440,1.3
1235567853605120,1236536455532800,2019-10-23,5,7,1226757701341440,1.3
1235567853605120,1236536455532800,2019-10-24,5,7,1226757701341440,1.0759999999999998
1235567853605120,1236536455532800,2019-10-19,5,7,1226757701341440,1.28
1235567853605120,1236536455532800,2019-10-03,5,7,1226757701341440,1.324
1235567853605120,1236536455532800,2019-08-03,5,7,1226757701341440,1.244
1235567853605120,1236536455532800,2020-07-03,5,7,1226757701341440,0.856
1235567853605120,1236536455532800,2019-10-17,5,7,1226757701341440,1.48
1235567853605120,1236536455532800,2019-09-30,5,7,1226757701341440,2.016
1235567853605120,1236536455532800,2020-07-18,5,7,1226757701341440,0.852
1235567853605120,1236536455532800,2019-10-24,5,7,1226757701341440,2.3480000000000003
1235567853605120,1236536455532800,2019-08-01,5,7,1226757701341440,1.276
1235567853605120,1236536455532800,2019-11-07,5,7,1226757701341440,1.256
1235567853605120,1236536455532800,2020-07-17,5,7,1226757701341440,1.236
1235567853605120,1236536455532800,2020-07-17,5,7,1226757701341440,0.8079999999999999
1235567853605120,1236536455532800,2019-11-14,5,7,1226757701341440,1.1520000000000001
1235567853605120,1236536455532800,2019-10-05,5,7,1226757701341440,1.232
1235567853605120,1236536455532800,2019-10-06,5,7,1226757701341440,1.296
1235567853605120,1236536455532800,2019-10-09,5,7,1226757701341440,1.288
1235567853605120,1236536455532800,2020-07-17,5,7,1226757701341440,0.8759999999999999
1235567853605120,1236536455532800,2019-11-12,5,7,1226757701341440,1.3519999999999999
1235567853605120,1236536455532800,2019-08-19,5,7,1226757701341440,1.276
1235567853605120,1236536455532800,2019-10-22,5,7,1226757701341440,1.3
1235567853605120,1236536455532800,2019-08-20,5,7,1226757701341440,1.284
1235567853605120,1236536455532800,2019-07-27,5,7,1226757701341440,1.276
1235567853605120,1236536455532800,2019-07-28,5,7,1226757701341440,1.3880000000000001
1235567853605120,1236536455532800,2020-07-06,5,7,1226757701341440,0.912
1235567853605120,1236536455532800,2019-08-24,5,7,1226757701341440,1.476
1235567853605120,1236536455532800,2019-08-30,5,7,1226757701341440,1.252
1235567853605120,1236536455532800,2020-07-16,5,7,1226757701341440,0.66
1235567853605120,1236536455532800,2019-08-28,5,7,1226757701341440,1.4280000000000002
1235567853605120,1236536455532800,2019-09-04,5,7,1226757701341440,1.436
1235567853605120,1236536455532800,2020-07-16,5,7,1226757701341440,1.256
1235567853605120,1236536455532800,2019-09-08,5,7,1226757701341440,1.4680000000000002
1235567853605120,1236536455532800,2019-10-05,5,7,1226757701341440,1.244
1235567853605120,1236536455532800,2019-08-30,5,7,1226757701341440,1.4880000000000002
1235567853605120,1236536455532800,2019-07-24,5,7,1226757701341440,1.248
1235567853605120,1236536455532800,2019-09-08,5,7,1226757701341440,1.436
1235567853605120,1236536455532800,2019-09-04,5,7,1226757701341440,1.188
1235567853605120,1236536455532800,2019-09-13,5,7,1226757701341440,4.772
1235567853605120,1236536455532800,2019-08-04,5,7,1226757701341440,1.056
1235567853605120,1236536455532800,2019-07-26,5,7,1226757701341440,1.328
1235567853605120,1236536455532800,2019-07-28,5,7,1226757701341440,0.872
1235567853605120,1236536455532800,2019-08-06,5,7,1226757701341440,1.0
1235567853605120,1236536455532800,2019-08-02,5,7,1226757701341440,1.228
1235567853605120,1236536455532800,2020-07-20,5,7,1226757701341440,0.7559999999999999
1235567853605120,1236536455532800,2019-07-22,5,7,1226757701341440,1.3840000000000001
1235567853605120,1236536455532800,2019-09-15,5,7,1226757701341440,0.7
1235567853605120,1236536455532800,2019-07-20,5,7,1226757701341440,1.396
1235567853605120,1236536455532800,2019-09-13,5,7,1226757701341440,1.328
1235567853605120,1236536455532800,2019-09-14,5,7,1226757701341440,1.24
1235567853605120,1236536455532800,2019-07-21,5,7,1226757701341440,1.128
1235567853605120,1236536455532800,2019-07-20,5,7,1226757701341440,1.24
1235567853605120,1236536455532800,2019-07-27,5,7,1226757701341440,2.7760000000000002
1235567853605120,1236536455532800,2019-07-26,5,7,1226757701341440,1.364
1235567853605120,1236536455532800,2019-07-20,5,7,1226757701341440,1.276
1235567853605120,1236536455532800,2019-07-20,5,7,1226757701341440,1.3
1235567853605120,1236536455532800,2019-07-20,5,7,1226757701341440,1.156
1235567853605120,1236536455532800,2019-08-03,5,7,1226757701341440,0.996
1235567853605120,1236536455532800,2019-08-14,5,7,1226757701341440,1.028
1235567853605120,1236536455532800,2019-07-21,5,7,1226757701341440,1.176
1235567853605120,1236536455532800,2019-08-16,5,7,1226757701341440,1.3719999999999999
1235567853605120,1236536455532800,2019-07-27,5,7,1226757701341440,1.0959999999999999
1235567853605120,1236536455532800,2019-07-30,5,7,1226757701341440,2.44
1235567853605120,1236536455532800,2019-09-08,5,7,1226757701341440,1.4
1235567853605120,1236536455532800,2019-08-29,5,7,1226757701341440,1.376
1235567853605120,1236536455532800,2019-09-06,5,7,1226757701341440,1.26
1235567853605120,1236536455532800,2019-09-06,5,7,1226757701341440,1.604
1235567853605120,1236536455532800,2019-09-22,5,7,1226757701341440,1.436
1235567853605120,1236536455532800,2019-10-04,5,7,1226757701341440,1.308
1235567853605120,1236536455532800,2019-07-30,5,7,1226757701341440,1.308
1235567853605120,1236536455532800,2019-09-13,5,7,1226757701341440,1.22
1235567853605120,1236536455532800,2019-10-07,5,7,1226757701341440,1.22
1235567853605120,1236536455532800,2019-10-12,5,7,1226757701341440,0.4
1235567853605120,1236536455532800,2019-10-17,5,7,1226757701341440,1.7
1235567853605120,1236536455532800,2019-07-20,5,7,1226757701341440,1.2
1235567853605120,1236536455532800,2019-07-26,5,7,1226757701341440,1.4040000000000001
1235567853605120,1236536455532800,2019-07-27,5,7,1226757701341440,1.4080000000000001
1235567853605120,1236536455532800,2019-09-13,5,7,1226757701341440,1.3159999999999998
1235567853605120,1236536455532800,2019-08-02,5,7,1226757701341440,1.012
1235567853605120,1236536455532800,2019-10-02,5,7,1226757701341440,1.3559999999999999
1235567853605120,1236536455532800,2019-07-20,5,7,1226757701341440,1.32
1235567853605120,1236536455532800,2019-10-20,5,7,1226757701341440,1.36
1235567853605120,1236536455532800,2019-08-21,5,7,1226757701341440,0.6
1235567853605120,1236536455532800,2019-08-07,5,7,1226757701341440,1.0
1235567853605120,1236536455532800,2019-08-08,5,7,1226757701341440,0.8440000000000001
1235567853605120,1236536455532800,2019-11-06,5,7,1226757701341440,1.272
1235567853605120,1236536455532800,2019-07-26,5,7,1226757701341440,1.148
1235567853605120,1236536455532800,2019-09-02,5,7,1226757701341440,0.6
1235567853605120,1236536455532800,2019-07-30,5,7,1226757701341440,1.256
1235567853605120,1236536455532800,2019-10-06,5,7,1226757701341440,1.348
1235567853605120,1236536455532800,2019-08-02,5,7,1226757701341440,1.212
1235567853605120,1236536455532800,2019-07-29,5,7,1226757701341440,0.94
1235567853605120,1236536455532800,2019-07-30,5,7,1226757701341440,1.3719999999999999
1235567853605120,1236536455532800,2019-11-13,5,7,1226757701341440,1.12
1235567853605120,1236536455532800,2019-08-03,5,7,1226757701341440,2.344
1235567853605120,1236536455532800,2019-10-12,5,7,1226757701341440,1.496
1235567853605120,1236536455532800,2019-10-05,5,7,1226757701341440,0.4
1235567853605120,1236536455532800,2019-10-21,5,7,1226757701341440,1.284
1235567853605120,1236536455532800,2019-10-04,5,7,1226757701341440,1.284
1235567853605120,1236536455532800,2019-07-22,5,7,1226757701341440,1.136
1235567853605120,1236536455532800,2019-07-24,5,7,1226757701341440,1.204
1235567853605120,1236536455532800,2019-08-02,5,7,1226757701341440,1.084
1235567853605120,1236536455532800,2019-08-06,5,7,1226757701341440,1.244
1235567853605120,1236536455532800,2019-09-17,5,7,1226757701341440,1.2
1235567853605120,1236536455532800,2019-07-31,5,7,1226757701341440,1.272
1235567853605120,1236536455532800,2019-08-20,5,7,1226757701341440,1.256
1235567853605120,1236536455532800,2019-08-11,5,7,1226757701341440,2.22
1235567853605120,1236536455532800,2019-09-12,5,7,1226757701341440,1.4080000000000001
1235567853605120,1236536455532800,2019-08-01,5,7,1226757701341440,0.92
1235567853605120,1236536455532800,2019-08-20,5,7,1226757701341440,2.336
1235567853605120,1236536455532800,2019-09-18,5,7,1226757701341440,1.272
1235567853605120,1236536455532800,2019-07-30,5,7,1226757701341440,1.24
1235567853605120,1236536455532800,2019-10-19,5,7,1226757701341440,1.42
1235567853605120,1236536455532800,2019-08-20,5,7,1226757701341440,1.28
1235567853605120,1236536455532800,2019-07-22,5,7,1226757701341440,1.216
1235567853605120,1236536455532800,2019-09-30,5,7,1226757701341440,1.956
1235567853605120,1236536455532800,2019-08-30,5,7,1226757701341440,1.3359999999999999
1235567853605120,1236536455532800,2019-09-30,5,7,1226757701341440,1.96
1235567853605120,1236536455532800,2019-07-20,5,7,1226757701341440,1.392
1235567853605120,1236536455532800,2019-07-20,5,7,1226757701341440,1.32
1235567853605120,1236536455532800,2019-07-25,5,7,1226757701341440,1.284
1235567853605120,1236536455532800,2019-10-06,5,7,1226757701341440,1.208
1235567853605120,1236536455532800,2019-08-10,5,7,1226757701341440,1.288
1235567853605120,1236536455532800,2019-10-08,5,7,1226757701341440,2.528
1235567853605120,1236536455532800,2019-10-06,5,7,1226757701341440,1.136
1235567853605120,1236536455532800,2019-09-07,5,7,1226757701341440,1.3519999999999999
1235567853605120,1236536455532800,2019-09-11,5,7,1226757701341440,1.212
1235567853605120,1236536455532800,2019-08-25,5,7,1226757701341440,1.252
1235567853605120,1236536455532800,2019-09-09,5,7,1226757701341440,1.3359999999999999
1235567853605120,1236536455532800,2019-09-10,5,7,1226757701341440,1.368
1235567853605120,1236536455532800,2019-10-02,5,7,1226757701341440,1.2919999999999998
1235567853605120,1236536455532800,2019-09-07,5,7,1226757701341440,1.368
1235567853605120,1236536455532800,2019-09-14,5,7,1226757701341440,1.212
1235567853605120,1236536455532800,2019-09-15,5,7,1226757701341440,2.512
1235567853605120,1236536455532800,2019-09-13,5,7,1226757701341440,1.508
1235567853605120,1236536455532800,2019-10-07,5,7,1226757701341440,1.204
1235567853605120,1236536455532800,2019-09-20,5,7,1226757701341440,1.232
1235567853605120,1236536455532800,2019-09-19,5,7,1226757701341440,1.32
1235567853605120,1236536455532800,2019-09-28,5,7,1226757701341440,1.2
1235567853605120,1236536455532800,2019-10-03,5,7,1226757701341440,1.348
1235567853605120,1236536455532800,2019-10-19,5,7,1226757701341440,1.18
1235567853605120,1236536455532800,2019-09-02,5,7,1226757701341440,0.6
1235567853605120,1236536455532800,2019-09-06,5,7,1226757701341440,1.652
1235567853605120,1236536455532800,2019-11-06,5,7,1226757701341440,2.524
1235567853605120,1236536455532800,2019-10-06,5,7,1226757701341440,1.264
1235567853605120,1236536455532800,2019-09-11,5,7,1226757701341440,1.412
1235567853605120,1236536455532800,2019-10-10,5,7,1226757701341440,0.996
1235567853605120,1236536455532800,2019-09-11,5,7,1226757701341440,2.872
1235567853605120,1236536455532800,2019-09-16,5,7,1226757701341440,1.288
1235567853605120,1236536455532800,2019-09-16,5,7,1226757701341440,1.204
1235567853605120,1236536455532800,2019-10-12,5,7,1226757701341440,1.272
1235567853605120,1236536455532800,2019-11-05,5,7,1226757701341440,1.3459999999999999
1235567853605120,1236536455532800,2019-11-04,5,7,1226757701341440,1.3
1235567853605120,1236536455532800,2019-10-17,5,7,1226757701341440,1.392
1235567853605120,1236536455532800,2019-11-11,5,7,1226757701341440,1.3519999999999999
1235567853605120,1236536455532800,2019-11-11,5,7,1226757701341440,2.572
1235567853605120,1236536455532800,2019-10-09,5,7,1226757701341440,2.656
1235567853605120,1236536455532800,2019-10-06,5,7,1226757701341440,1.252
1235567853605120,1236536455532800,2019-10-04,5,7,1226757701341440,1.228
1235567853605120,1236536455532800,2019-10-18,5,7,1226757701341440,1.228
1235567853605120,1236536455532800,2019-09-23,5,7,1226757701341440,1.228
1235567853605120,1236536455532800,2019-09-23,5,7,1226757701341440,1.268
1235567853605120,1236536455532800,2019-09-28,5,7,1226757701341440,2.004
1235567853605120,1236536455532800,2019-10-03,5,7,1226757701341440,2.004
1235567853605120,1236536455532800,2019-10-04,5,7,1226757701341440,1.3719999999999999
1235567853605120,1236536455532800,2019-10-19,5,7,1226757701341440,1.3
1235567853605120,1236536455532800,2019-10-11,5,7,1226757701341440,1.216
1235567853605120,1236536455532800,2019-10-19,5,7,1226757701341440,1.26
1235567853605120,1236536455532800,2019-10-20,5,7,1226757701341440,1.12
1235567853605120,1236536455532800,2019-11-10,5,7,1226757701341440,1.244
1235567853605120,1236536455532800,2019-11-07,5,7,1226757701341440,1.42
1235567853605120,1236536455532800,2019-11-13,5,7,1226757701341440,1.1640000000000001
1235567853605120,1236536455532800,2019-10-05,5,7,1226757701341440,1.456
1235567853605120,1236536455532800,2019-10-20,5,7,1226757701341440,1.32
1235567853605120,1236536455532800,2020-07-02,5,7,1226757701341440,1.768
1235567853605120,1236536455532800,2020-07-10,5,7,1226757701341440,1.3840000000000001
1235567853605120,1236536455532800,2020-07-19,5,7,1226757701341440,0.364
1235567853605120,1236536455532800,2020-07-16,5,7,1226757701341440,1.04
1235567853605120,1236536455532800,2020-07-17,5,7,1226757701341440,0.836
1235567853605120,1236536455532800,2020-07-18,5,7,1226757701341440,0.828
1235567853605120,1236536455532800,2020-07-16,5,7,1226757701341440,0.816
1235567853605120,1236536455532800,2020-07-15,5,7,1226757701341440,1.364
1235567853605120,1236536455532800,2020-07-01,5,7,1226757701341440,0.5720000000000001
1235567853605120,1236536455532800,2020-07-18,5,7,1226757701341440,2.7880000000000003
1235567853605120,1236536455532800,2020-07-18,5,7,1226757701341440,0.868
1213797064102144,1236536455532800,2019-07-20,5,7,1226757701341440,1.716
1213797064102144,1236536455532800,2019-07-20,5,7,1226757701341440,1.0959999999999999
1213797064102144,1236536455532800,2019-07-20,5,7,1226757701341440,1.804
1213797064102144,1236536455532800,2019-07-25,5,7,1226757701341440,1.4080000000000001
1213797064102144,1236536455532800,2019-07-31,5,7,1226757701341440,1.8840000000000001
1213797064102144,1236536455532800,2019-07-21,5,7,1226757701341440,1.4280000000000002
1213797064102144,1236536455532800,2019-07-25,5,7,1226757701341440,2.116
1213797064102144,1236536455532800,2019-08-01,5,7,1226757701341440,1.756
1213797064102144,1236536455532800,2019-08-06,5,7,1226757701341440,-1.08
1213797064102144,1236536455532800,2019-08-08,5,7,1226757701341440,1.392
1213797064102144,1236536455532800,2019-07-25,5,7,1226757701341440,1.66
1213797064102144,1236536455532800,2019-07-20,5,7,1226757701341440,0.508
1213797064102144,1236536455532800,2019-08-08,5,7,1226757701341440,1.056
1213797064102144,1236536455532800,2019-07-20,5,7,1226757701341440,1.4880000000000002
1213797064102144,1236536455532800,2019-07-21,5,7,1226757701341440,1.44
1213797064102144,1236536455532800,2019-07-20,5,7,1226757701341440,1.5759999999999998
1213797064102144,1236536455532800,2019-08-08,5,7,1226757701341440,1.344
1213797064102144,1236536455532800,2019-07-30,5,7,1226757701341440,1.4040000000000001
1213797064102144,1236536455532800,2019-08-08,5,7,1226757701341440,0.5
1213797064102144,1236536455532800,2019-08-09,5,7,1226757701341440,1.3159999999999998
1213797064102144,1236536455532800,2019-08-09,5,7,1226757701341440,1.2
1213797064102144,1236536455532800,2019-07-20,5,7,1226757701341440,1.8719999999999999
1213797064102144,1236536455532800,2019-07-23,5,7,1226757701341440,1.5919999999999999
1213797064102144,1236536455532800,2019-07-24,5,7,1226757701341440,1.7280000000000002
1213797064102144,1236536455532800,2020-07-10,5,7,1226757701341440,1.4040000000000001
1213797064102144,1236536455532800,2019-07-22,5,7,1226757701341440,1.608
1213797064102144,1236536455532800,2019-08-02,5,7,1226757701341440,1.7519999999999998
1213797064102144,1236536455532800,2019-07-25,5,7,1226757701341440,1.78
1213797064102144,1236536455532800,2019-07-30,5,7,1226757701341440,1.112
1213797064102144,1236536455532800,2019-08-09,5,7,1226757701341440,1.104
1213797064102144,1236536455532800,2019-07-23,5,7,1226757701341440,1.008
1213797064102144,1236536455532800,2020-07-08,5,7,1226757701341440,1.28
1213797064102144,1236536455532800,2019-07-22,5,7,1226757701341440,1.784
1213797064102144,1236536455532800,2020-07-12,5,7,1226757701341440,1.228
1213797064102144,1236536455532800,2019-07-20,5,7,1226757701341440,1.58
1213797064102144,1236536455532800,2019-07-20,5,7,1226757701341440,1.776
1213797064102144,1236536455532800,2019-07-20,5,7,1226757701341440,0.996
1213797064102144,1236536455532800,2019-09-07,5,7,1226757701341440,1.204
1213797064102144,1236536455532800,2019-09-07,5,7,1226757701341440,1.2
1213797064102144,1236536455532800,2020-07-06,5,7,1226757701341440,1.12
1213797064102144,1236536455532800,2019-08-29,5,7,1226757701341440,1.224
1213797064102144,1236536455532800,2019-07-20,5,7,1226757701341440,1.788
1213797064102144,1236536455532800,2019-07-21,5,7,1226757701341440,1.9080000000000001
1213797064102144,1236536455532800,2019-07-30,5,7,1226757701341440,0.8959999999999999
1213797064102144,1236536455532800,2019-09-07,5,7,1226757701341440,1.34
1213797064102144,1236536455532800,2019-09-21,5,7,1226757701341440,1.224
1213797064102144,1236536455532800,2019-09-21,5,7,1226757701341440,1.38
1213797064102144,1236536455532800,2019-09-17,5,7,1226757701341440,1.3840000000000001
1213797064102144,1236536455532800,2019-09-23,5,7,1226757701341440,1.272
1213797064102144,1236536455532800,2019-09-21,5,7,1226757701341440,1.228
1213797064102144,1236536455532800,2020-06-29,5,7,1226757701341440,2.984
1213797064102144,1236536455532800,2019-09-28,5,7,1226757701341440,1.8
1213797064102144,1236536455532800,2019-09-28,5,7,1226757701341440,2.8080000000000003
1213797064102144,1236536455532800,2020-06-30,5,7,1226757701341440,2.6039999999999996
1213797064102144,1236536455532800,2019-09-27,5,7,1226757701341440,2.108
1213797064102144,1236536455532800,2019-09-27,5,7,1226757701341440,2.616
1213797064102144,1236536455532800,2019-09-28,5,7,1226757701341440,1.7080000000000002
1213797064102144,1236536455532800,2019-10-01,5,7,1226757701341440,1.992
1213797064102144,1236536455532800,2019-10-04,5,7,1226757701341440,2.1519999999999997
1213797064102144,1236536455532800,2019-10-02,5,7,1226757701341440,1.964
1213797064102144,1236536455532800,2019-10-06,5,7,1226757701341440,1.8880000000000001
1213797064102144,1236536455532800,2019-10-07,5,7,1226757701341440,1.956
1213797064102144,1236536455532800,2019-10-13,5,7,1226757701341440,2.884
1213797064102144,1236536455532800,2020-07-11,5,7,1226757701341440,1.252
1213797064102144,1236536455532800,2019-10-04,5,7,1226757701341440,2.148
1213797064102144,1236536455532800,2019-07-23,5,7,1226757701341440,1.7
1213797064102144,1236536455532800,2019-10-10,5,7,1226757701341440,1.172
1213797064102144,1236536455532800,2019-10-12,5,7,1226757701341440,2.6319999999999997
1213797064102144,1236536455532800,2019-10-12,5,7,1226757701341440,0.32
1213797064102144,1236536455532800,2019-10-24,5,7,1226757701341440,1.3
1213797064102144,1236536455532800,2019-10-16,5,7,1226757701341440,2.54
1213797064102144,1236536455532800,2019-10-30,5,7,1226757701341440,1.3359999999999999
1213797064102144,1236536455532800,2019-08-09,5,7,1226757701341440,1.196
1213797064102144,1236536455532800,2019-07-20,5,7,1226757701341440,1.756
1213797064102144,1236536455532800,2019-07-21,5,7,1226757701341440,1.604
1213797064102144,1236536455532800,2019-07-22,5,7,1226757701341440,1.8719999999999999
1213797064102144,1236536455532800,2019-07-26,5,7,1226757701341440,1.84
1213797064102144,1236536455532800,2019-07-26,5,7,1226757701341440,1.784
1213797064102144,1236536455532800,2019-07-31,5,7,1226757701341440,1.7080000000000002
1213797064102144,1236536455532800,2019-11-04,5,7,1226757701341440,1.444
1213797064102144,1236536455532800,2019-08-09,5,7,1226757701341440,1.128
1213797064102144,1236536455532800,2019-11-10,5,7,1226757701341440,1.412
1213797064102144,1236536455532800,2019-11-13,5,7,1226757701341440,1.46
1213797064102144,1236536455532800,2019-11-06,5,7,1226757701341440,1.248
1213797064102144,1236536455532800,2020-07-17,5,7,1226757701341440,1.148
1213797064102144,1236536455532800,2019-10-08,5,7,1226757701341440,3.96
1213797064102144,1236536455532800,2019-10-09,5,7,1226757701341440,1.208
1213797064102144,1236536455532800,2019-10-11,5,7,1226757701341440,2.96
1213797064102144,1236536455532800,2019-11-11,5,7,1226757701341440,1.36
1213797064102144,1236536455532800,2019-10-17,5,7,1226757701341440,0.32
1213797064102144,1236536455532800,2020-07-05,5,7,1226757701341440,1.128
1213797064102144,1236536455532800,2019-10-25,5,7,1226757701341440,1.396
1213797064102144,1236536455532800,2019-08-23,5,7,1226757701341440,1.3719999999999999
1213797064102144,1236536455532800,2019-08-24,5,7,1226757701341440,1.344
1213797064102144,1236536455532800,2019-08-24,5,7,1226757701341440,1.236
1213797064102144,1236536455532800,2019-07-24,5,7,1226757701341440,1.56
1213797064102144,1236536455532800,2019-07-24,5,7,1226757701341440,1.5319999999999998
1213797064102144,1236536455532800,2019-08-09,5,7,1226757701341440,1.148
1213797064102144,1236536455532800,2019-08-10,5,7,1226757701341440,0.312
1213797064102144,1236536455532800,2019-08-10,5,7,1226757701341440,0.8759999999999999
1213797064102144,1236536455532800,2019-08-10,5,7,1226757701341440,0.912
1213797064102144,1236536455532800,2019-10-27,5,7,1226757701341440,2.484
1213797064102144,1236536455532800,2019-08-09,5,7,1226757701341440,2.432
1213797064102144,1236536455532800,2019-08-27,5,7,1226757701341440,1.348
1213797064102144,1236536455532800,2019-08-22,5,7,1226757701341440,1.4480000000000002
1213797064102144,1236536455532800,2019-11-18,5,7,1226757701341440,1.3840000000000001
1213797064102144,1236536455532800,2019-08-25,5,7,1226757701341440,1.324
1213797064102144,1236536455532800,2019-08-26,5,7,1226757701341440,1.304
1213797064102144,1236536455532800,2019-11-28,5,7,1226757701341440,1.2919999999999998
1213797064102144,1236536455532800,2019-11-19,5,7,1226757701341440,2.784
1213797064102144,1236536455532800,2019-09-08,5,7,1226757701341440,1.264
1213797064102144,1236536455532800,2019-07-22,5,7,1226757701341440,1.42
1213797064102144,1236536455532800,2019-07-23,5,7,1226757701341440,0.3
1213797064102144,1236536455532800,2019-10-04,5,7,1226757701341440,2.248
1213797064102144,1236536455532800,2019-10-04,5,7,1226757701341440,2.176
1213797064102144,1236536455532800,2019-07-31,5,7,1226757701341440,1.276
1213797064102144,1236536455532800,2019-08-06,5,7,1226757701341440,1.088
1213797064102144,1236536455532800,2019-08-06,5,7,1226757701341440,1.1320000000000001
1213797064102144,1236536455532800,2019-08-06,5,7,1226757701341440,1.16
1213797064102144,1236536455532800,2019-08-04,5,7,1226757701341440,0.9640000000000001
1213797064102144,1236536455532800,2019-08-07,5,7,1226757701341440,0.312
1213797064102144,1236536455532800,2019-10-11,5,7,1226757701341440,2.7039999999999997
1213797064102144,1236536455532800,2019-07-20,5,7,1226757701341440,1.8359999999999999
1213797064102144,1236536455532800,2019-07-22,5,7,1226757701341440,1.8159999999999998
1213797064102144,1236536455532800,2019-07-21,5,7,1226757701341440,2.34
1213797064102144,1236536455532800,2019-07-22,5,7,1226757701341440,1.4240000000000002
1213797064102144,1236536455532800,2019-08-08,5,7,1226757701341440,1.248
1213797064102144,1236536455532800,2019-07-20,5,7,1226757701341440,1.732
1213797064102144,1236536455532800,2019-07-20,5,7,1226757701341440,1.808
1213797064102144,1236536455532800,2019-08-06,5,7,1226757701341440,1.08
1213797064102144,1236536455532800,2019-10-27,5,7,1226757701341440,1.196
1213797064102144,1236536455532800,2019-07-20,5,7,1226757701341440,1.8359999999999999
1213797064102144,1236536455532800,2019-07-20,5,7,1226757701341440,1.6
1213797064102144,1236536455532800,2019-07-20,5,7,1226757701341440,1.544
1213797064102144,1236536455532800,2019-07-26,5,7,1226757701341440,1.1520000000000001
1213797064102144,1236536455532800,2019-11-25,5,7,1226757701341440,1.3880000000000001
1213797064102144,1236536455532800,2019-07-21,5,7,1226757701341440,2.04
1213797064102144,1236536455532800,2019-07-26,5,7,1226757701341440,1.808
1213797064102144,1236536455532800,2019-07-24,5,7,1226757701341440,1.5759999999999998
1213797064102144,1236536455532800,2019-09-17,5,7,1226757701341440,1.36
1213797064102144,1236536455532800,2019-08-02,5,7,1226757701341440,1.516
1213797064102144,1236536455532800,2019-07-21,5,7,1226757701341440,1.9080000000000001
1213797064102144,1236536455532800,2019-07-21,5,7,1226757701341440,1.764
1213797064102144,1236536455532800,2019-07-20,5,7,1226757701341440,1.724
1213797064102144,1236536455532800,2019-07-23,5,7,1226757701341440,1.8
1213797064102144,1236536455532800,2019-07-26,5,7,1226757701341440,1.504
1213797064102144,1236536455532800,2019-07-26,5,7,1226757701341440,1.8119999999999998
1213797064102144,1236536455532800,2019-07-26,5,7,1226757701341440,2.04
1213797064102144,1236536455532800,2019-08-06,5,7,1226757701341440,1.032
1213797064102144,1236536455532800,2019-08-05,5,7,1226757701341440,1.328
1213797064102144,1236536455532800,2019-08-06,5,7,1226757701341440,1.1
1213797064102144,1236536455532800,2019-07-20,5,7,1226757701341440,1.608
1213797064102144,1236536455532800,2019-07-20,5,7,1226757701341440,1.5519999999999998
1213797064102144,1236536455532800,2019-08-09,5,7,1226757701341440,1.3519999999999999
1213797064102144,1236536455532800,2019-07-25,5,7,1226757701341440,1.584
1213797064102144,1236536455532800,2019-07-24,5,7,1226757701341440,1.776
1213797064102144,1236536455532800,2019-08-02,5,7,1226757701341440,1.508
1213797064102144,1236536455532800,2019-07-31,5,7,1226757701341440,1.6880000000000002
1213797064102144,1236536455532800,2019-08-06,5,7,1226757701341440,1.08
1213797064102144,1236536455532800,2019-09-26,5,7,1226757701341440,1.204
1213797064102144,1236536455532800,2019-09-26,5,7,1226757701341440,1.284
1213797064102144,1236536455532800,2019-08-06,5,7,1226757701341440,1.22
1213797064102144,1236536455532800,2019-08-20,5,7,1226757701341440,0.812
1213797064102144,1236536455532800,2019-08-24,5,7,1226757701341440,1.3319999999999999
1213797064102144,1236536455532800,2019-08-25,5,7,1226757701341440,0.3
1213797064102144,1236536455532800,2019-09-27,5,7,1226757701341440,1.944
1213797064102144,1236536455532800,2019-08-27,5,7,1226757701341440,1.008
1213797064102144,1236536455532800,2019-09-02,5,7,1226757701341440,1.2919999999999998
1213797064102144,1236536455532800,2019-09-03,5,7,1226757701341440,1.176
1213797064102144,1236536455532800,2019-09-09,5,7,1226757701341440,1.2
1213797064102144,1236536455532800,2019-09-15,5,7,1226757701341440,1.284
1213797064102144,1236536455532800,2019-09-17,5,7,1226757701341440,1.268
1213797064102144,1236536455532800,2019-09-19,5,7,1226757701341440,1.012
1213797064102144,1236536455532800,2019-09-20,5,7,1226757701341440,0.72
1213797064102144,1236536455532800,2019-09-24,5,7,1226757701341440,1.252
1213797064102144,1236536455532800,2019-09-25,5,7,1226757701341440,1.22
1213797064102144,1236536455532800,2019-08-06,5,7,1226757701341440,1.0759999999999998
1213797064102144,1236536455532800,2019-10-01,5,7,1226757701341440,1.94
1213797064102144,1236536455532800,2019-10-03,5,7,1226757701341440,1.9880000000000002
1213797064102144,1236536455532800,2019-08-09,5,7,1226757701341440,1.2919999999999998
1213797064102144,1236536455532800,2019-10-04,5,7,1226757701341440,2.072
1213797064102144,1236536455532800,2019-10-09,5,7,1226757701341440,2.6319999999999997
1213797064102144,1236536455532800,2019-10-12,5,7,1226757701341440,1.476
1213797064102144,1236536455532800,2019-09-28,5,7,1226757701341440,2.556
1213797064102144,1236536455532800,2019-10-13,5,7,1226757701341440,2.372
1213797064102144,1236536455532800,2019-10-13,5,7,1226757701341440,1.168
1213797064102144,1236536455532800,2019-10-13,5,7,1226757701341440,2.6639999999999997
1213797064102144,1236536455532800,2019-07-31,5,7,1226757701341440,1.492
1213797064102144,1236536455532800,2019-10-01,5,7,1226757701341440,2.1719999999999997
1213797064102144,1236536455532800,2019-10-01,5,7,1226757701341440,1.984
1213797064102144,1236536455532800,2019-08-07,5,7,1226757701341440,1.1520000000000001
1213797064102144,1236536455532800,2019-07-25,5,7,1226757701341440,1.7
1213797064102144,1236536455532800,2019-07-26,5,7,1226757701341440,1.5759999999999998
1213797064102144,1236536455532800,2019-08-22,5,7,1226757701341440,0.84
1213797064102144,1236536455532800,2019-07-31,5,7,1226757701341440,1.8880000000000001
1213797064102144,1236536455532800,2019-08-05,5,7,1226757701341440,1.416
1213797064102144,1236536455532800,2019-08-08,5,7,1226757701341440,0.8320000000000001
1213797064102144,1236536455532800,2019-08-24,5,7,1226757701341440,0.8959999999999999
1213797064102144,1236536455532800,2019-08-29,5,7,1226757701341440,1.304
1213797064102144,1236536455532800,2019-11-30,5,7,1226757701341440,1.236
1213797064102144,1236536455532800,2019-09-04,5,7,1226757701341440,0.816
1213797064102144,1236536455532800,2019-11-11,5,7,1226757701341440,1.272
1213797064102144,1236536455532800,2019-07-20,5,7,1226757701341440,1.864
1213797064102144,1236536455532800,2019-07-20,5,7,1226757701341440,1.86
1213797064102144,1236536455532800,2019-07-20,5,7,1226757701341440,0.652
1213797064102144,1236536455532800,2019-07-22,5,7,1226757701341440,1.3519999999999999
1213797064102144,1236536455532800,2019-07-22,5,7,1226757701341440,1.232
1213797064102144,1236536455532800,2019-08-01,5,7,1226757701341440,1.868
1213797064102144,1236536455532800,2019-10-03,5,7,1226757701341440,2.052
1213797064102144,1236536455532800,2019-10-05,5,7,1226757701341440,2.048
1213797064102144,1236536455532800,2019-10-06,5,7,1226757701341440,2.012
1213797064102144,1236536455532800,2019-10-12,5,7,1226757701341440,2.636
1213797064102144,1236536455532800,2019-08-06,5,7,1226757701341440,1.148
1213797064102144,1236536455532800,2019-07-20,5,7,1226757701341440,1.516
1213797064102144,1236536455532800,2019-07-25,5,7,1226757701341440,1.5719999999999998
1213797064102144,1236536455532800,2019-07-26,5,7,1226757701341440,1.524
1213797064102144,1236536455532800,2019-10-28,5,7,1226757701341440,1.3319999999999999
1213797064102144,1236536455532800,2019-10-28,5,7,1226757701341440,1.284
1213797064102144,1236536455532800,2019-10-31,5,7,1226757701341440,2.22
1213797064102144,1236536455532800,2019-08-16,5,7,1226757701341440,0.86
1213797064102144,1236536455532800,2019-08-06,5,7,1226757701341440,1.06
1213797064102144,1236536455532800,2019-08-09,5,7,1226757701341440,1.212
1213797064102144,1236536455532800,2019-08-11,5,7,1226757701341440,5.004
1213797064102144,1236536455532800,2019-09-19,5,7,1226757701341440,1.89
1213797064102144,1236536455532800,2019-09-20,5,7,1226757701341440,1.192
1213797064102144,1236536455532800,2019-09-17,5,7,1226757701341440,1.324
1213797064102144,1236536455532800,2019-09-19,5,7,1226757701341440,1.296
1213797064102144,1236536455532800,2019-07-20,5,7,1226757701341440,1.72
1213797064102144,1236536455532800,2019-07-24,5,7,1226757701341440,1.104
1213797064102144,1236536455532800,2019-07-24,5,7,1226757701341440,1.284
1213797064102144,1236536455532800,2019-08-02,5,7,1226757701341440,1.6440000000000001
1213797064102144,1236536455532800,2019-11-20,5,7,1226757701341440,1.3
1213797064102144,1236536455532800,2019-10-06,5,7,1226757701341440,2.064
1213797064102144,1236536455532800,2019-08-23,5,7,1226757701341440,1.416
1213797064102144,1236536455532800,2019-10-13,5,7,1226757701341440,2.7239999999999998
1213797064102144,1236536455532800,2019-11-10,5,7,1226757701341440,1.456
1213797064102144,1236536455532800,2019-09-26,5,7,1226757701341440,1.3
1213797064102144,1236536455532800,2019-08-25,5,7,1226757701341440,0.652
1213797064102144,1236536455532800,2019-11-29,5,7,1226757701341440,1.212
1213797064102144,1236536455532800,2019-09-28,5,7,1226757701341440,1.932
1213797064102144,1236536455532800,2019-09-30,5,7,1226757701341440,1.92
1213797064102144,1236536455532800,2019-08-08,5,7,1226757701341440,1.3359999999999999
1213797064102144,1236536455532800,2019-07-20,5,7,1226757701341440,1.9280000000000002
1213797064102144,1236536455532800,2019-09-24,5,7,1226757701341440,1.2919999999999998
1213797064102144,1236536455532800,2019-09-24,5,7,1226757701341440,1.172
1213797064102144,1236536455532800,2019-09-26,5,7,1226757701341440,1.284
1213797064102144,1236536455532800,2019-08-28,5,7,1226757701341440,1.048
1213797064102144,1236536455532800,2019-08-10,5,7,1226757701341440,1.192
1213797064102144,1236536455532800,2019-10-04,5,7,1226757701341440,2.016
1213797064102144,1236536455532800,2019-10-04,5,7,1226757701341440,0.96
1213797064102144,1236536455532800,2019-10-05,5,7,1226757701341440,1.996
1213797064102144,1236536455532800,2019-10-10,5,7,1226757701341440,1.08
1213797064102144,1236536455532800,2019-10-06,5,7,1226757701341440,1.916
1213797064102144,1236536455532800,2019-09-27,5,7,1226757701341440,1.92
1213797064102144,1236536455532800,2019-10-07,5,7,1226757701341440,2.204
1213797064102144,1236536455532800,2019-09-28,5,7,1226757701341440,1.8719999999999999
1213797064102144,1236536455532800,2019-09-28,5,7,1226757701341440,1.6159999999999999
1213797064102144,1236536455532800,2019-09-28,5,7,1226757701341440,2.208
1213797064102144,1236536455532800,2019-09-28,5,7,1226757701341440,2.952
1213797064102144,1236536455532800,2019-09-30,5,7,1226757701341440,1.9240000000000002
1213797064102144,1236536455532800,2019-10-08,5,7,1226757701341440,2.116
1213797064102144,1236536455532800,2019-10-13,5,7,1226757701341440,2.568
1213797064102144,1236536455532800,2019-10-19,5,7,1226757701341440,0.32
1213797064102144,1236536455532800,2019-08-28,5,7,1226757701341440,3.488
1213797064102144,1236536455532800,2019-09-04,5,7,1226757701341440,1.6840000000000002
1213797064102144,1236536455532800,2019-10-05,5,7,1226757701341440,0.32
1213797064102144,1236536455532800,2019-10-06,5,7,1226757701341440,0.376
1213797064102144,1236536455532800,2019-10-07,5,7,1226757701341440,2.176
1213797064102144,1236536455532800,2019-10-09,5,7,1226757701341440,2.028
1213797064102144,1236536455532800,2019-09-08,5,7,1226757701341440,1.268
1213797064102144,1236536455532800,2019-09-09,5,7,1226757701341440,1.248
1213797064102144,1236536455532800,2019-08-23,5,7,1226757701341440,1.4280000000000002
1213797064102144,1236536455532800,2019-09-19,5,7,1226757701341440,1.444
1213797064102144,1236536455532800,2019-11-25,5,7,1226757701341440,1.36
1213797064102144,1236536455532800,2019-09-21,5,7,1226757701341440,1.2
1213797064102144,1236536455532800,2019-09-21,5,7,1226757701341440,1.188
1213797064102144,1236536455532800,2019-10-10,5,7,1226757701341440,2.5
1213797064102144,1236536455532800,2019-10-13,5,7,1226757701341440,2.7560000000000002
1213797064102144,1236536455532800,2019-09-24,5,7,1226757701341440,2.78
1213797064102144,1236536455532800,2019-09-27,5,7,1226757701341440,2.528
1213797064102144,1236536455532800,2019-10-02,5,7,1226757701341440,1.8359999999999999
1213797064102144,1236536455532800,2019-10-29,5,7,1226757701341440,1.192
1213797064102144,1236536455532800,2019-11-07,5,7,1226757701341440,1.3119999999999998
1213797064102144,1236536455532800,2019-10-08,5,7,1226757701341440,2.04
1213797064102144,1236536455532800,2019-09-22,5,7,1226757701341440,1.172
1213797064102144,1236536455532800,2019-10-20,5,7,1226757701341440,2.472
1213797064102144,1236536455532800,2019-09-19,5,7,1226757701341440,2.38
1213797064102144,1236536455532800,2019-10-24,5,7,1226757701341440,2.752
1213797064102144,1236536455532800,2019-09-28,5,7,1226757701341440,2.504
1213797064102144,1236536455532800,2019-09-28,5,7,1226757701341440,2.6719999999999997
1213797064102144,1236536455532800,2019-09-30,5,7,1226757701341440,2.092
1213797064102144,1236536455532800,2019-10-06,5,7,1226757701341440,1.556
1213797064102144,1236536455532800,2019-11-05,5,7,1226757701341440,1.348
1213797064102144,1236536455532800,2019-10-16,5,7,1226757701341440,1.476
1213797064102144,1236536455532800,2019-10-16,5,7,1226757701341440,1.476
1213797064102144,1236536455532800,2019-11-10,5,7,1226757701341440,1.464
1213797064102144,1236536455532800,2019-11-15,5,7,1226757701341440,2.6639999999999997
1213797064102144,1236536455532800,2019-11-16,5,7,1226757701341440,1.3880000000000001
1213797064102144,1236536455532800,2019-11-11,5,7,1226757701341440,1.284
1213797064102144,1236536455532800,2019-11-16,5,7,1226757701341440,1.308
1213797064102144,1236536455532800,2019-11-19,5,7,1226757701341440,2.592
1213797064102144,1236536455532800,2019-11-18,5,7,1226757701341440,1.3840000000000001
1213797064102144,1236536455532800,2019-10-08,5,7,1226757701341440,2.112
1213797064102144,1236536455532800,2019-10-05,5,7,1226757701341440,1.8880000000000001
1213797064102144,1236536455532800,2019-10-05,5,7,1226757701341440,1.964
1213797064102144,1236536455532800,2019-10-07,5,7,1226757701341440,2.044
1213797064102144,1236536455532800,2019-10-03,5,7,1226757701341440,1.916
1213797064102144,1236536455532800,2019-10-03,5,7,1226757701341440,1.584
1213797064102144,1236536455532800,2019-10-09,5,7,1226757701341440,1.364
1213797064102144,1236536455532800,2019-10-12,5,7,1226757701341440,2.6239999999999997
1213797064102144,1236536455532800,2019-11-29,5,7,1226757701341440,1.32
1213797064102144,1236536455532800,2019-10-29,5,7,1226757701341440,1.052
1213797064102144,1236536455532800,2019-10-28,5,7,1226757701341440,2.864
1213797064102144,1236536455532800,2019-10-30,5,7,1226757701341440,1.236
1213797064102144,1236536455532800,2019-11-28,5,7,1226757701341440,5.524
1213797064102144,1236536455532800,2019-09-22,5,7,1226757701341440,1.26
1213797064102144,1236536455532800,2019-09-28,5,7,1226757701341440,1.808
1213797064102144,1236536455532800,2019-09-28,5,7,1226757701341440,1.784
1213797064102144,1236536455532800,2019-11-05,5,7,1226757701341440,1.328
1213797064102144,1236536455532800,2019-11-26,5,7,1226757701341440,1.196
1213797064102144,1236536455532800,2019-10-02,5,7,1226757701341440,1.9280000000000002
1213797064102144,1236536455532800,2019-11-11,5,7,1226757701341440,2.592
1213797064102144,1236536455532800,2019-11-15,5,7,1226757701341440,1.3
1213797064102144,1236536455532800,2019-11-16,5,7,1226757701341440,1.44
1213797064102144,1236536455532800,2019-11-17,5,7,1226757701341440,2.6839999999999997
1213797064102144,1236536455532800,2019-10-07,5,7,1226757701341440,1.9240000000000002
1213797064102144,1236536455532800,2019-10-09,5,7,1226757701341440,2.068
1213797064102144,1236536455532800,2019-10-12,5,7,1226757701341440,2.696
1213797064102144,1236536455532800,2019-10-13,5,7,1226757701341440,-2.6639999999999997
1213797064102144,1236536455532800,2019-10-16,5,7,1226757701341440,2.576
1213797064102144,1236536455532800,2019-10-05,5,7,1226757701341440,2.0
1213797064102144,1236536455532800,2019-10-08,5,7,1226757701341440,2.104
1213797064102144,1236536455532800,2019-10-11,5,7,1226757701341440,2.7039999999999997
1213797064102144,1236536455532800,2019-10-10,5,7,1226757701341440,2.324
1213797064102144,1236536455532800,2019-10-12,5,7,1226757701341440,2.752
1213797064102144,1236536455532800,2019-10-22,5,7,1226757701341440,1.22
1213797064102144,1236536455532800,2019-10-15,5,7,1226757701341440,0.736
1213797064102144,1236536455532800,2019-10-29,5,7,1226757701341440,1.3319999999999999
1213797064102144,1236536455532800,2019-11-28,5,7,1226757701341440,1.32
1213797064102144,1236536455532800,2019-11-14,5,7,1226757701341440,1.268
1213797064102144,1236536455532800,2019-11-14,5,7,1226757701341440,1.464
1213797064102144,1236536455532800,2019-11-16,5,7,1226757701341440,1.444
1213797064102144,1236536455532800,2019-11-17,5,7,1226757701341440,2.7560000000000002
1213797064102144,1236536455532800,2019-11-25,5,7,1226757701341440,1.3319999999999999
1213797064102144,1236536455532800,2019-10-10,5,7,1226757701341440,1.2
1213797064102144,1236536455532800,2019-10-15,5,7,1226757701341440,0.32
1213797064102144,1236536455532800,2019-10-16,5,7,1226757701341440,2.484
1213797064102144,1236536455532800,2019-10-20,5,7,1226757701341440,2.22
1213797064102144,1236536455532800,2019-11-26,5,7,1226757701341440,1.34
1213797064102144,1236536455532800,2019-11-27,5,7,1226757701341440,1.364
1213797064102144,1236536455532800,2019-11-27,5,7,1226757701341440,1.2919999999999998
1213797064102144,1236536455532800,2020-06-29,5,7,1226757701341440,2.616
1213797064102144,1236536455532800,2020-07-12,5,7,1226757701341440,1.444
1213797064102144,1236536455532800,2020-06-30,5,7,1226757701341440,1.28
1213797064102144,1236536455532800,2020-06-28,5,7,1226757701341440,1.264
1213797064102144,1236536455532800,2020-06-28,5,7,1226757701341440,1.22
1213797064102144,1236536455532800,2020-06-30,5,7,1226757701341440,2.58
1213797064102144,1236536455532800,2020-06-30,5,7,1226757701341440,1.02
1213797064102144,1236536455532800,2020-07-03,5,7,1226757701341440,1.256
1213797064102144,1236536455532800,2020-06-30,5,7,1226757701341440,1.504
1213797064102144,1236536455532800,2020-06-30,5,7,1226757701341440,1.3359999999999999
1213797064102144,1236536455532800,2020-07-03,5,7,1226757701341440,1.284
1213797064102144,1236536455532800,2020-07-04,5,7,1226757701341440,1.0959999999999999
1213797064102144,1236536455532800,2020-07-05,5,7,1226757701341440,1.204
1213797064102144,1236536455532800,2020-06-29,5,7,1226757701341440,1.452
1213797064102144,1236536455532800,2020-06-30,5,7,1226757701341440,2.408
1213797064102144,1236536455532800,2020-07-03,5,7,1226757701341440,1.244
1213797064102144,1236536455532800,2020-07-05,5,7,1226757701341440,1.1840000000000002
1213797064102144,1236536455532800,2020-07-10,5,7,1226757701341440,1.0959999999999999
1213797064102144,1236536455532800,2020-07-01,5,7,1226757701341440,1.344
1213797064102144,1236536455532800,2020-07-04,5,7,1226757701341440,1.232
1213797064102144,1236536455532800,2020-07-05,5,7,1226757701341440,1.3880000000000001
1213797064102144,1236536455532800,2020-07-05,5,7,1226757701341440,1.564
1213797064102144,1236536455532800,2020-07-05,5,7,1226757701341440,1.3519999999999999
1213797064102144,1236536455532800,2020-07-05,5,7,1226757701341440,2.8280000000000003
1213797064102144,1236536455532800,2020-07-05,5,7,1226757701341440,1.22
1213797064102144,1236536455532800,2020-07-06,5,7,1226757701341440,1.1320000000000001
1213797064102144,1236536455532800,2019-07-20,5,7,1226757701341440,1.676
1213797064102144,1236536455532800,2019-07-22,5,7,1226757701341440,1.744
1213797064102144,1236536455532800,2019-08-01,5,7,1226757701341440,1.632
1213797064102144,1236536455532800,2019-08-06,5,7,1226757701341440,1.008
1213797064102144,1236536455532800,2019-08-08,5,7,1226757701341440,1.12
1213797064102144,1236536455532800,2019-07-20,5,7,1226757701341440,1.4280000000000002
1213797064102144,1236536455532800,2019-08-08,5,7,1226757701341440,1.272
1213797064102144,1236536455532800,2019-08-25,5,7,1226757701341440,1.464
1213797064102144,1236536455532800,2019-08-05,5,7,1226757701341440,1.4040000000000001
1213797064102144,1236536455532800,2019-07-24,5,7,1226757701341440,2.28
1213797064102144,1236536455532800,2019-07-31,5,7,1226757701341440,0.9
1213797064102144,1236536455532800,2019-07-23,5,7,1226757701341440,1.16
1213797064102144,1236536455532800,2019-07-23,5,7,1226757701341440,1.5119999999999998
1213797064102144,1236536455532800,2019-07-26,5,7,1226757701341440,0.696
1213797064102144,1236536455532800,2019-08-07,5,7,1226757701341440,1.3519999999999999
1213797064102144,1236536455532800,2019-08-09,5,7,1226757701341440,1.252
1213797064102144,1236536455532800,2020-07-05,5,7,1226757701341440,1.5119999999999998
1213797064102144,1236536455532800,2019-08-09,5,7,1226757701341440,1.3719999999999999
1213797064102144,1236536455532800,2019-07-20,5,7,1226757701341440,1.8359999999999999
1213797064102144,1236536455532800,2019-08-01,5,7,1226757701341440,1.8119999999999998
1213797064102144,1236536455532800,2019-08-06,5,7,1226757701341440,1.18
1213797064102144,1236536455532800,2019-08-22,5,7,1226757701341440,1.276
1213797064102144,1236536455532800,2019-09-08,5,7,1226757701341440,1.26
1213797064102144,1236536455532800,2019-07-26,5,7,1226757701341440,1.784
1213797064102144,1236536455532800,2019-09-15,5,7,1226757701341440,1.324
1213797064102144,1236536455532800,2019-07-20,5,7,1226757701341440,1.864
1213797064102144,1236536455532800,2020-07-09,5,7,1226757701341440,1.364
1213797064102144,1236536455532800,2019-08-24,5,7,1226757701341440,1.252
1213797064102144,1236536455532800,2019-09-08,5,7,1226757701341440,1.348
1213797064102144,1236536455532800,2019-08-08,5,7,1226757701341440,1.324
1213797064102144,1236536455532800,2019-09-20,5,7,1226757701341440,1.268
1213797064102144,1236536455532800,2019-09-21,5,7,1226757701341440,1.464
1213797064102144,1236536455532800,2019-09-22,5,7,1226757701341440,1.244
1213797064102144,1236536455532800,2019-09-20,5,7,1226757701341440,1.3159999999999998
1213797064102144,1236536455532800,2019-09-20,5,7,1226757701341440,1.236
1213797064102144,1236536455532800,2019-09-21,5,7,1226757701341440,1.4080000000000001
1213797064102144,1236536455532800,2019-09-17,5,7,1226757701341440,0.6
1213797064102144,1236536455532800,2019-09-19,5,7,1226757701341440,-1.1640000000000001
1213797064102144,1236536455532800,2019-10-03,5,7,1226757701341440,2.084
1213797064102144,1236536455532800,2019-09-22,5,7,1226757701341440,1.272
1213797064102144,1236536455532800,2019-09-24,5,7,1226757701341440,1.412
1213797064102144,1236536455532800,2020-07-05,5,7,1226757701341440,1.3880000000000001
1213797064102144,1236536455532800,2020-07-14,5,7,1226757701341440,1.228
1213797064102144,1236536455532800,2019-08-31,5,7,1226757701341440,1.456
1213797064102144,1236536455532800,2019-10-02,5,7,1226757701341440,1.88
1213797064102144,1236536455532800,2019-09-29,5,7,1226757701341440,2.108
1213797064102144,1236536455532800,2019-09-21,5,7,1226757701341440,1.3719999999999999
1213797064102144,1236536455532800,2019-09-23,5,7,1226757701341440,0.68
1213797064102144,1236536455532800,2019-10-01,5,7,1226757701341440,2.092
1213797064102144,1236536455532800,2019-10-09,5,7,1226757701341440,2.044
1213797064102144,1236536455532800,2019-10-10,5,7,1226757701341440,1.32
1213797064102144,1236536455532800,2019-10-10,5,7,1226757701341440,2.052
1213797064102144,1236536455532800,2019-10-03,5,7,1226757701341440,2.096
1213797064102144,1236536455532800,2020-07-11,5,7,1226757701341440,1.26
1213797064102144,1236536455532800,2019-09-20,5,7,1226757701341440,1.272
1213797064102144,1236536455532800,2019-09-05,5,7,1226757701341440,1.2
1213797064102144,1236536455532800,2019-09-07,5,7,1226757701341440,1.3519999999999999
1213797064102144,1236536455532800,2019-10-01,5,7,1226757701341440,2.008
1213797064102144,1236536455532800,2019-10-03,5,7,1226757701341440,2.124
1213797064102144,1236536455532800,2019-09-22,5,7,1226757701341440,0.68
1213797064102144,1236536455532800,2019-10-03,5,7,1226757701341440,2.1519999999999997
1213797064102144,1236536455532800,2019-10-04,5,7,1226757701341440,2.116
1213797064102144,1236536455532800,2019-07-20,5,7,1226757701341440,1.828
1213797064102144,1236536455532800,2019-10-12,5,7,1226757701341440,2.572
1213797064102144,1236536455532800,2019-10-13,5,7,1226757701341440,2.6639999999999997
1213797064102144,1236536455532800,2019-09-27,5,7,1226757701341440,1.672
1213797064102144,1236536455532800,2020-07-03,5,7,1226757701341440,1.224
1213797064102144,1236536455532800,2019-08-08,5,7,1226757701341440,1.284
1213797064102144,1236536455532800,2019-08-07,5,7,1226757701341440,1.18
1213797064102144,1236536455532800,2019-11-12,5,7,1226757701341440,1.368
1213797064102144,1236536455532800,2020-06-28,5,7,1226757701341440,2.396
1213797064102144,1236536455532800,2019-10-10,5,7,1226757701341440,2.596
1213797064102144,1236536455532800,2020-07-14,5,7,1226757701341440,0.988
1213797064102144,1236536455532800,2019-07-25,5,7,1226757701341440,1.88
1213797064102144,1236536455532800,2019-10-27,5,7,1226757701341440,1.18
1213797064102144,1236536455532800,2019-11-03,5,7,1226757701341440,1.3359999999999999
1213797064102144,1236536455532800,2019-10-28,5,7,1226757701341440,1.272
1213797064102144,1236536455532800,2019-11-15,5,7,1226757701341440,2.676
1213797064102144,1236536455532800,2019-10-08,5,7,1226757701341440,2.2119999999999997
1213797064102144,1236536455532800,2019-08-09,5,7,1226757701341440,0.648
1213797064102144,1236536455532800,2020-07-03,5,7,1226757701341440,1.36
1213797064102144,1236536455532800,2019-10-04,5,7,1226757701341440,2.04
1213797064102144,1236536455532800,2020-06-30,5,7,1226757701341440,5.0280000000000005
1213797064102144,1236536455532800,2020-07-03,5,7,1226757701341440,1.196
1213797064102144,1236536455532800,2019-11-12,5,7,1226757701341440,1.38
1213797064102144,1236536455532800,2019-10-20,5,7,1226757701341440,1.5
1213797064102144,1236536455532800,2019-11-21,5,7,1226757701341440,1.296
1213797064102144,1236536455532800,2019-10-28,5,7,1226757701341440,1.308
1213797064102144,1236536455532800,2020-07-03,5,7,1226757701341440,1.196
1213797064102144,1236536455532800,2019-11-14,5,7,1226757701341440,1.4080000000000001
1213797064102144,1236536455532800,2019-08-22,5,7,1226757701341440,0.84
1213797064102144,1236536455532800,2019-08-23,5,7,1226757701341440,1.3719999999999999
1213797064102144,1236536455532800,2019-08-10,5,7,1226757701341440,1.1840000000000002
1213797064102144,1236536455532800,2019-11-17,5,7,1226757701341440,1.4040000000000001
1213797064102144,1236536455532800,2019-10-06,5,7,1226757701341440,1.98
1213797064102144,1236536455532800,2019-09-03,5,7,1226757701341440,1.176
1213797064102144,1236536455532800,2019-08-31,5,7,1226757701341440,1.304
1213797064102144,1236536455532800,2019-09-02,5,7,1226757701341440,1.2919999999999998
1213797064102144,1236536455532800,2019-07-25,5,7,1226757701341440,2.2119999999999997
1213797064102144,1236536455532800,2019-07-21,5,7,1226757701341440,1.916
1213797064102144,1236536455532800,2019-07-22,5,7,1226757701341440,1.824
1213797064102144,1236536455532800,2019-08-25,5,7,1226757701341440,1.364
1213797064102144,1236536455532800,2019-07-30,5,7,1226757701341440,1.66
1213797064102144,1236536455532800,2019-07-31,5,7,1226757701341440,0.7240000000000001
1213797064102144,1236536455532800,2019-11-16,5,7,1226757701341440,1.4280000000000002
1213797064102144,1236536455532800,2019-08-07,5,7,1226757701341440,1.3119999999999998
1213797064102144,1236536455532800,2019-10-06,5,7,1226757701341440,1.9080000000000001
1213797064102144,1236536455532800,2019-10-06,5,7,1226757701341440,3.9160000000000004
1213797064102144,1236536455532800,2019-07-25,5,7,1226757701341440,1.6640000000000001
1213797064102144,1236536455532800,2019-09-10,5,7,1226757701341440,1.4080000000000001
1213797064102144,1236536455532800,2019-07-23,5,7,1226757701341440,1.704
1213797064102144,1236536455532800,2019-07-20,5,7,1226757701341440,1.96
1213797064102144,1236536455532800,2019-07-26,5,7,1226757701341440,1.692
1213797064102144,1236536455532800,2019-10-11,5,7,1226757701341440,2.764
1213797064102144,1236536455532800,2019-07-20,5,7,1226757701341440,1.66
1213797064102144,1236536455532800,2019-11-29,5,7,1226757701341440,1.436
1213797064102144,1236536455532800,2020-07-14,5,7,1226757701341440,2.3480000000000003
1213797064102144,1236536455532800,2019-07-30,5,7,1226757701341440,1.72
1213797064102144,1236536455532800,2019-08-05,5,7,1226757701341440,1.412
1213797064102144,1236536455532800,2019-07-30,5,7,1226757701341440,1.6159999999999999
1213797064102144,1236536455532800,2019-10-25,5,7,1226757701341440,1.3719999999999999
1213797064102144,1236536455532800,2019-10-25,5,7,1226757701341440,3.928
1213797064102144,1236536455532800,2019-07-25,5,7,1226757701341440,3.188
1213797064102144,1236536455532800,2020-07-21,5,7,1226757701341440,1.068
1213797064102144,1236536455532800,2019-07-21,5,7,1226757701341440,0.792
1213797064102144,1236536455532800,2019-08-01,5,7,1226757701341440,1.564
